StartDate,EndDate,Status,IPAddress,Progress,Duration (in seconds),Finished,RecordedDate,ResponseId,RecipientLastName,RecipientFirstName,RecipientEmail,ExternalReference,LocationLatitude,LocationLongitude,DistributionChannel,UserLanguage,Q_RecaptchaScore,Q_RelevantIDDuplicate,Q_RelevantIDDuplicateScore,Q_RelevantIDFraudScore,Q_RelevantIDLastStartDate,261 - personal_1,261 - personal_2,261 - personal_3,261 - user query,261 - ranking_0_GROUP,261 - ranking_0_1_RANK,261 - ranking_0_2_RANK,261 - ranking_0_3_RANK,261 - ranking_0_4_RANK,261 - ranking_0_5_RANK,261 - ranking_0_6_RANK,Q16_0_GROUP,Q16_0_1_RANK,Q16_0_2_RANK,Q16_0_3_RANK,Q16_0_4_RANK,Q16_0_5_RANK,Q16_0_6_RANK,Q15_0_GROUP,Q15_0_1_RANK,Q15_0_2_RANK,Q15_0_3_RANK,Q15_0_4_RANK,Q15_0_5_RANK,Q15_0_6_RANK,297 - personal_1,297 - personal_2,297 - personal_3,297 - user query,297 - ranking_0_GROUP,297 - ranking_0_1_RANK,297 - ranking_0_2_RANK,297 - ranking_0_3_RANK,297 - ranking_0_4_RANK,297 - ranking_0_5_RANK,297 - ranking_0_6_RANK,244 - personal_1,244 - personal_2,244 - personal_3,244 - user query,244 - ranking_0_GROUP,244 - ranking_0_1_RANK,244 - ranking_0_2_RANK,244 - ranking_0_3_RANK,244 - ranking_0_4_RANK,244 - ranking_0_5_RANK,244 - ranking_0_6_RANK,238 - personal_1,238 - personal_2,238 - personal_3,238 - user query,238 - ranking_0_GROUP,238 - ranking_0_1_RANK,238 - ranking_0_2_RANK,238 - ranking_0_4_RANK,238 - ranking_0_5_RANK,238 - ranking_0_6_RANK,238 - ranking_0_3_RANK,Random ID,mistakes
Start Date,End Date,Response Type,IP Address,Progress,Duration (in seconds),Finished,Recorded Date,Response ID,Recipient Last Name,Recipient First Name,Recipient Email,External Data Reference,Location Latitude,Location Longitude,Distribution Channel,User Language,Q_RecaptchaScore,Q_RelevantIDDuplicate,Q_RelevantIDDuplicateScore,Q_RelevantIDFraudScore,Q_RelevantIDLastStartDate,"Please read the backstory carefully and answer the following questions.
Backstory:It is late, but you can't get to sleep because a sore throat has taken hold and it is hard to swallow. You have run out of cough drops, and wonder if there are any folk remedies that might help you out until the morning. - I am familiar with this topic","Please read the backstory carefully and answer the following questions.
Backstory:It is late, but you can't get to sleep because a sore throat has taken hold and it is hard to swallow. You have run out of cough drops, and wonder if there are any folk remedies that might help you out until the morning. - This topic is interesting to me","Please read the backstory carefully and answer the following questions.
Backstory:It is late, but you can't get to sleep because a sore throat has taken hold and it is hard to swallow. You have run out of cough drops, and wonder if there are any folk remedies that might help you out until the morning. - It should be easy to find relevant information for this topic",Write a query that you would use to search for information on this topic.,"Backstory:

It is late, but you can't get to sleep because a sore throat has taken hold and it is hard to swallow. You have run out of cough drops, and wonder if there are any folk remedies that might help you out until the morning.
 

Reminder: The best query is the one most likely to generate useful results. - Groups - Rank the best query on top","Backstory:

It is late, but you can't get to sleep because a sore throat has taken hold and it is hard to swallow. You have run out of cough drops, and wonder if there are any folk remedies that might help you out until the morning.
 

Reminder: The best query is the one most likely to generate useful results. - Ranks - Rank the best query on top - sore throat home remedy - Rank","Backstory:

It is late, but you can't get to sleep because a sore throat has taken hold and it is hard to swallow. You have run out of cough drops, and wonder if there are any folk remedies that might help you out until the morning.
 

Reminder: The best query is the one most likely to generate useful results. - Ranks - Rank the best query on top - sore throat - Rank","Backstory:

It is late, but you can't get to sleep because a sore throat has taken hold and it is hard to swallow. You have run out of cough drops, and wonder if there are any folk remedies that might help you out until the morning.
 

Reminder: The best query is the one most likely to generate useful results. - Ranks - Rank the best query on top - home care cough remedy - Rank","Backstory:

It is late, but you can't get to sleep because a sore throat has taken hold and it is hard to swallow. You have run out of cough drops, and wonder if there are any folk remedies that might help you out until the morning.
 

Reminder: The best query is the one most likely to generate useful results. - Ranks - Rank the best query on top - what can i use to cure a sore throat - Rank","Backstory:

It is late, but you can't get to sleep because a sore throat has taken hold and it is hard to swallow. You have run out of cough drops, and wonder if there are any folk remedies that might help you out until the morning.
 

Reminder: The best query is the one most likely to generate useful results. - Ranks - Rank the best query on top - what are some homemade remedy for a sore throat - Rank","Backstory:

It is late, but you can't get to sleep because a sore throat has taken hold and it is hard to swallow. You have run out of cough drops, and wonder if there are any folk remedies that might help you out until the morning.
 

Reminder: The best query is the one most likely to generate useful results. - Ranks - Rank the best query on top - nausea remedy - Rank","Backstory:

It is late, but you can't get to sleep because a sore throat has taken hold and it is hard to swallow. You have run out of cough drops, and wonder if there are any folk remedies that might help you out until the morning.
 

Reminder: The best query is the one most likely to generate useful results. - Groups - Rank the best query on top","Backstory:

It is late, but you can't get to sleep because a sore throat has taken hold and it is hard to swallow. You have run out of cough drops, and wonder if there are any folk remedies that might help you out until the morning.
 

Reminder: The best query is the one most likely to generate useful results. - Ranks - Rank the best query on top - sore throat home remedy - Rank","Backstory:

It is late, but you can't get to sleep because a sore throat has taken hold and it is hard to swallow. You have run out of cough drops, and wonder if there are any folk remedies that might help you out until the morning.
 

Reminder: The best query is the one most likely to generate useful results. - Ranks - Rank the best query on top - sore throat - Rank","Backstory:

It is late, but you can't get to sleep because a sore throat has taken hold and it is hard to swallow. You have run out of cough drops, and wonder if there are any folk remedies that might help you out until the morning.
 

Reminder: The best query is the one most likely to generate useful results. - Ranks - Rank the best query on top - home care cough remedy - Rank","Backstory:

It is late, but you can't get to sleep because a sore throat has taken hold and it is hard to swallow. You have run out of cough drops, and wonder if there are any folk remedies that might help you out until the morning.
 

Reminder: The best query is the one most likely to generate useful results. - Ranks - Rank the best query on top - what can i use to cure a sore throat - Rank","Backstory:

It is late, but you can't get to sleep because a sore throat has taken hold and it is hard to swallow. You have run out of cough drops, and wonder if there are any folk remedies that might help you out until the morning.
 

Reminder: The best query is the one most likely to generate useful results. - Ranks - Rank the best query on top - what are some homemade remedy for a sore throat - Rank","Backstory:

It is late, but you can't get to sleep because a sore throat has taken hold and it is hard to swallow. You have run out of cough drops, and wonder if there are any folk remedies that might help you out until the morning.
 

Reminder: The best query is the one most likely to generate useful results. - Ranks - Rank the best query on top - nausea remedy - Rank","Backstory:

It is late, but you can't get to sleep because a sore throat has taken hold and it is hard to swallow. You have run out of cough drops, and wonder if there are any folk remedies that might help you out until the morning.
 

Reminder: The best query is the one most likely to generate useful results. - Groups - Rank the best query on top","Backstory:

It is late, but you can't get to sleep because a sore throat has taken hold and it is hard to swallow. You have run out of cough drops, and wonder if there are any folk remedies that might help you out until the morning.
 

Reminder: The best query is the one most likely to generate useful results. - Ranks - Rank the best query on top - sore throat home remedy - Rank","Backstory:

It is late, but you can't get to sleep because a sore throat has taken hold and it is hard to swallow. You have run out of cough drops, and wonder if there are any folk remedies that might help you out until the morning.
 

Reminder: The best query is the one most likely to generate useful results. - Ranks - Rank the best query on top - sore throat - Rank","Backstory:

It is late, but you can't get to sleep because a sore throat has taken hold and it is hard to swallow. You have run out of cough drops, and wonder if there are any folk remedies that might help you out until the morning.
 

Reminder: The best query is the one most likely to generate useful results. - Ranks - Rank the best query on top - home care cough remedy - Rank","Backstory:

It is late, but you can't get to sleep because a sore throat has taken hold and it is hard to swallow. You have run out of cough drops, and wonder if there are any folk remedies that might help you out until the morning.
 

Reminder: The best query is the one most likely to generate useful results. - Ranks - Rank the best query on top - what can i use to cure a sore throat - Rank","Backstory:

It is late, but you can't get to sleep because a sore throat has taken hold and it is hard to swallow. You have run out of cough drops, and wonder if there are any folk remedies that might help you out until the morning.
 

Reminder: The best query is the one most likely to generate useful results. - Ranks - Rank the best query on top - what are some homemade remedy for a sore throat - Rank","Backstory:

It is late, but you can't get to sleep because a sore throat has taken hold and it is hard to swallow. You have run out of cough drops, and wonder if there are any folk remedies that might help you out until the morning.
 

Reminder: The best query is the one most likely to generate useful results. - Ranks - Rank the best query on top - nausea remedy - Rank","Please read the backstory carefully and answer the following questions.
Backstory:You are scheduled to make a business trip to Mexico City, one of the highest cities in the world, and are concerned that you might suffer from altitude sickness. You would like to find out if there are techniques or treatments that can be used to prevent such problems. - I am familiar with this topic","Please read the backstory carefully and answer the following questions.
Backstory:You are scheduled to make a business trip to Mexico City, one of the highest cities in the world, and are concerned that you might suffer from altitude sickness. You would like to find out if there are techniques or treatments that can be used to prevent such problems. - This topic is interesting to me","Please read the backstory carefully and answer the following questions.
Backstory:You are scheduled to make a business trip to Mexico City, one of the highest cities in the world, and are concerned that you might suffer from altitude sickness. You would like to find out if there are techniques or treatments that can be used to prevent such problems. - It should be easy to find relevant information for this topic",Write a query that you would use to search for information on this topic.,"Backstory:

You are scheduled to make a business trip to Mexico City, one of the highest cities in the world, and are concerned that you might suffer from altitude sickness. You would like to find out if there are techniques or treatments that can be used to prevent such problems.
 

Reminder: The best query is the one most likely to generate useful results. - Groups - Rank the best query on top","Backstory:

You are scheduled to make a business trip to Mexico City, one of the highest cities in the world, and are concerned that you might suffer from altitude sickness. You would like to find out if there are techniques or treatments that can be used to prevent such problems.
 

Reminder: The best query is the one most likely to generate useful results. - Ranks - Rank the best query on top - altitude sickness prevention - Rank","Backstory:

You are scheduled to make a business trip to Mexico City, one of the highest cities in the world, and are concerned that you might suffer from altitude sickness. You would like to find out if there are techniques or treatments that can be used to prevent such problems.
 

Reminder: The best query is the one most likely to generate useful results. - Ranks - Rank the best query on top - altitude sickness - Rank","Backstory:

You are scheduled to make a business trip to Mexico City, one of the highest cities in the world, and are concerned that you might suffer from altitude sickness. You would like to find out if there are techniques or treatments that can be used to prevent such problems.
 

Reminder: The best query is the one most likely to generate useful results. - Ranks - Rank the best query on top - treatment for altitude sickness - Rank","Backstory:

You are scheduled to make a business trip to Mexico City, one of the highest cities in the world, and are concerned that you might suffer from altitude sickness. You would like to find out if there are techniques or treatments that can be used to prevent such problems.
 

Reminder: The best query is the one most likely to generate useful results. - Ranks - Rank the best query on top - how to overcome altitude sickness - Rank","Backstory:

You are scheduled to make a business trip to Mexico City, one of the highest cities in the world, and are concerned that you might suffer from altitude sickness. You would like to find out if there are techniques or treatments that can be used to prevent such problems.
 

Reminder: The best query is the one most likely to generate useful results. - Ranks - Rank the best query on top - mexico city altitude sickness prevention - Rank","Backstory:

You are scheduled to make a business trip to Mexico City, one of the highest cities in the world, and are concerned that you might suffer from altitude sickness. You would like to find out if there are techniques or treatments that can be used to prevent such problems.
 

Reminder: The best query is the one most likely to generate useful results. - Ranks - Rank the best query on top - new mexico altitude - Rank","Please read the backstory carefully and answer the following questions.
Backstory:Driving north along highway 17 in Arizona, you pass a sign to Old Town Scottsdale. You wonder what kind of history the town had, before it was swallowed up by Phoenix. - I am familiar with this topic","Please read the backstory carefully and answer the following questions.
Backstory:Driving north along highway 17 in Arizona, you pass a sign to Old Town Scottsdale. You wonder what kind of history the town had, before it was swallowed up by Phoenix. - This topic is interesting to me","Please read the backstory carefully and answer the following questions.
Backstory:Driving north along highway 17 in Arizona, you pass a sign to Old Town Scottsdale. You wonder what kind of history the town had, before it was swallowed up by Phoenix. - It should be easy to find relevant information for this topic",Write a query that you would use to search for information on this topic.,"Backstory:

Driving north along highway 17 in Arizona, you pass a sign to Old Town Scottsdale. You wonder what kind of history the town had, before it was swallowed up by Phoenix.

 

Reminder: The best query is the one most likely to generate useful results. - Groups - Rank the best query on top","Backstory:

Driving north along highway 17 in Arizona, you pass a sign to Old Town Scottsdale. You wonder what kind of history the town had, before it was swallowed up by Phoenix.

 

Reminder: The best query is the one most likely to generate useful results. - Ranks - Rank the best query on top - old town scottsdale history - Rank","Backstory:

Driving north along highway 17 in Arizona, you pass a sign to Old Town Scottsdale. You wonder what kind of history the town had, before it was swallowed up by Phoenix.

 

Reminder: The best query is the one most likely to generate useful results. - Ranks - Rank the best query on top - old town scottsdale - Rank","Backstory:

Driving north along highway 17 in Arizona, you pass a sign to Old Town Scottsdale. You wonder what kind of history the town had, before it was swallowed up by Phoenix.

 

Reminder: The best query is the one most likely to generate useful results. - Ranks - Rank the best query on top - history of old town scottsdale arizona - Rank","Backstory:

Driving north along highway 17 in Arizona, you pass a sign to Old Town Scottsdale. You wonder what kind of history the town had, before it was swallowed up by Phoenix.

 

Reminder: The best query is the one most likely to generate useful results. - Ranks - Rank the best query on top - old town scottsdale phoenix - Rank","Backstory:

Driving north along highway 17 in Arizona, you pass a sign to Old Town Scottsdale. You wonder what kind of history the town had, before it was swallowed up by Phoenix.

 

Reminder: The best query is the one most likely to generate useful results. - Ranks - Rank the best query on top - info on old town scottsdale - Rank","Backstory:

Driving north along highway 17 in Arizona, you pass a sign to Old Town Scottsdale. You wonder what kind of history the town had, before it was swallowed up by Phoenix.

 

Reminder: The best query is the one most likely to generate useful results. - Ranks - Rank the best query on top - order of the phoenix - Rank","Please read the backstory carefully and answer the following questions.
Backstory:Talking with your children at the weekend, you realize you remember almost nothing about US President George H. W. Bush. You'd like to read some biographies of him. - I am familiar with this topic","Please read the backstory carefully and answer the following questions.
Backstory:Talking with your children at the weekend, you realize you remember almost nothing about US President George H. W. Bush. You'd like to read some biographies of him. - This topic is interesting to me","Please read the backstory carefully and answer the following questions.
Backstory:Talking with your children at the weekend, you realize you remember almost nothing about US President George H. W. Bush. You'd like to read some biographies of him. - It should be easy to find relevant information for this topic",Write a query that you would use to search for information on this topic.,"Backstory:

Talking with your children at the weekend, you realize you remember almost nothing about US President George H. W. Bush. You'd like to read some biographies of him.

 

Reminder: The best query is the one most likely to generate useful results. - Groups - Rank the best query on top","Backstory:

Talking with your children at the weekend, you realize you remember almost nothing about US President George H. W. Bush. You'd like to read some biographies of him.

 

Reminder: The best query is the one most likely to generate useful results. - Ranks - Rank the best query on top - george h w bush - Rank","Backstory:

Talking with your children at the weekend, you realize you remember almost nothing about US President George H. W. Bush. You'd like to read some biographies of him.

 

Reminder: The best query is the one most likely to generate useful results. - Ranks - Rank the best query on top - george hw bush biography - Rank","Backstory:

Talking with your children at the weekend, you realize you remember almost nothing about US President George H. W. Bush. You'd like to read some biographies of him.

 

Reminder: The best query is the one most likely to generate useful results. - Ranks - Rank the best query on top - george bush - Rank","Backstory:

Talking with your children at the weekend, you realize you remember almost nothing about US President George H. W. Bush. You'd like to read some biographies of him.

 

Reminder: The best query is the one most likely to generate useful results. - Ranks - Rank the best query on top - president george h w bush biography - Rank","Backstory:

Talking with your children at the weekend, you realize you remember almost nothing about US President George H. W. Bush. You'd like to read some biographies of him.

 

Reminder: The best query is the one most likely to generate useful results. - Ranks - Rank the best query on top - what is a good biography on george h w bush - Rank","Backstory:

Talking with your children at the weekend, you realize you remember almost nothing about US President George H. W. Bush. You'd like to read some biographies of him.

 

Reminder: The best query is the one most likely to generate useful results. - Ranks - Rank the best query on top - bosch in usa - Rank",Random ID,mistakes
"{""ImportId"":""startDate"",""timeZone"":""Australia/Canberra""}","{""ImportId"":""endDate"",""timeZone"":""Australia/Canberra""}","{""ImportId"":""status""}","{""ImportId"":""ipAddress""}","{""ImportId"":""progress""}","{""ImportId"":""duration""}","{""ImportId"":""finished""}","{""ImportId"":""recordedDate"",""timeZone"":""Australia/Canberra""}","{""ImportId"":""_recordId""}","{""ImportId"":""recipientLastName""}","{""ImportId"":""recipientFirstName""}","{""ImportId"":""recipientEmail""}","{""ImportId"":""externalDataReference""}","{""ImportId"":""locationLatitude""}","{""ImportId"":""locationLongitude""}","{""ImportId"":""distributionChannel""}","{""ImportId"":""userLanguage""}","{""ImportId"":""Q_RecaptchaScore""}","{""ImportId"":""Q_RelevantIDDuplicate""}","{""ImportId"":""Q_RelevantIDDuplicateScore""}","{""ImportId"":""Q_RelevantIDFraudScore""}","{""ImportId"":""Q_RelevantIDLastStartDate"",""timeZone"":""UTC""}","{""ImportId"":""QID123940161_9""}","{""ImportId"":""QID123940161_2""}","{""ImportId"":""QID123940161_3""}","{""ImportId"":""QID123940162_TEXT""}","{""ImportId"":""QID123940177_0_GROUP""}","{""ImportId"":""QID123940177_G0_1_RANK""}","{""ImportId"":""QID123940177_G0_2_RANK""}","{""ImportId"":""QID123940177_G0_3_RANK""}","{""ImportId"":""QID123940177_G0_4_RANK""}","{""ImportId"":""QID123940177_G0_5_RANK""}","{""ImportId"":""QID123940177_G0_6_RANK""}","{""ImportId"":""QID42_0_GROUP""}","{""ImportId"":""QID42_G0_1_RANK""}","{""ImportId"":""QID42_G0_2_RANK""}","{""ImportId"":""QID42_G0_3_RANK""}","{""ImportId"":""QID42_G0_4_RANK""}","{""ImportId"":""QID42_G0_5_RANK""}","{""ImportId"":""QID42_G0_6_RANK""}","{""ImportId"":""QID41_0_GROUP""}","{""ImportId"":""QID41_G0_1_RANK""}","{""ImportId"":""QID41_G0_2_RANK""}","{""ImportId"":""QID41_G0_3_RANK""}","{""ImportId"":""QID41_G0_4_RANK""}","{""ImportId"":""QID41_G0_5_RANK""}","{""ImportId"":""QID41_G0_6_RANK""}","{""ImportId"":""QID123940166_9""}","{""ImportId"":""QID123940166_2""}","{""ImportId"":""QID123940166_3""}","{""ImportId"":""QID123940163_TEXT""}","{""ImportId"":""QID123940164_0_GROUP""}","{""ImportId"":""QID123940164_G0_1_RANK""}","{""ImportId"":""QID123940164_G0_2_RANK""}","{""ImportId"":""QID123940164_G0_3_RANK""}","{""ImportId"":""QID123940164_G0_4_RANK""}","{""ImportId"":""QID123940164_G0_5_RANK""}","{""ImportId"":""QID123940164_G0_6_RANK""}","{""ImportId"":""QID123940167_9""}","{""ImportId"":""QID123940167_2""}","{""ImportId"":""QID123940167_3""}","{""ImportId"":""QID123940168_TEXT""}","{""ImportId"":""QID123940169_0_GROUP""}","{""ImportId"":""QID123940169_G0_1_RANK""}","{""ImportId"":""QID123940169_G0_2_RANK""}","{""ImportId"":""QID123940169_G0_3_RANK""}","{""ImportId"":""QID123940169_G0_4_RANK""}","{""ImportId"":""QID123940169_G0_5_RANK""}","{""ImportId"":""QID123940169_G0_6_RANK""}","{""ImportId"":""QID123940170_9""}","{""ImportId"":""QID123940170_2""}","{""ImportId"":""QID123940170_3""}","{""ImportId"":""QID123940171_TEXT""}","{""ImportId"":""QID123940172_0_GROUP""}","{""ImportId"":""QID123940172_G0_1_RANK""}","{""ImportId"":""QID123940172_G0_2_RANK""}","{""ImportId"":""QID123940172_G0_4_RANK""}","{""ImportId"":""QID123940172_G0_5_RANK""}","{""ImportId"":""QID123940172_G0_6_RANK""}","{""ImportId"":""QID123940172_G0_3_RANK""}","{""ImportId"":""Random ID""}","{""ImportId"":""mistakes""}"
2022-02-09 11:45:27,2022-02-09 11:47:30,0,67.247.68.1,100,123,1,2022-02-09 11:47:32,R_21nAN2IdXgUHBlp,,,,,43.0641937255859375,-74.3339996337890625,anonymous,EN,0.89999997615814208984375,,0,0,,2,2,3,sore throat folk remedies,"1,5,4,2,3,6",1,4,5,3,2,6,,,,,,,,,,,,,,,2,2,3,altitude sickness treatment,"3,1,4,5,2,6",2,5,1,3,4,6,2,2,3,Old Town Scottsdale history,"3,1,5,4,2,6",2,5,1,4,3,6,2,2,3,George H.W. Bush biography,"5,2,6,1,4,3",4,2,5,1,3,6,59064628132,1
2022-02-09 11:54:35,2022-02-09 11:57:51,0,207.98.181.45,100,195,1,2022-02-09 11:57:51,R_3hfsgF6qlvSTHe2,,,,,42.66259765625,-83.1837005615234375,anonymous,EN,1,,0,0,,4,5,4,sore throat natural remedies,"1,4,5,3,2,6",1,5,4,2,3,6,,,,,,,,,,,,,,,4,5,5,altitude sickness prevention,"1,5,3,2,4,6",1,4,3,5,2,6,2,5,5,Old Town Scottsdale history,"1,3,5,4,2,6",1,5,2,4,3,6,4,3,5,President George Bush biography,"5,2,6,1,4,3",4,2,5,1,3,6,20597736011,1
2022-02-09 12:02:32,2022-02-09 12:06:14,0,71.167.237.210,100,222,1,2022-02-09 12:06:16,R_sp3L1DEzKuziLAt,,,,,40.7808990478515625,-73.95020294189453125,anonymous,EN,1,,0,0,,4,4,4,folk remedies for sore throat,"4,1,5,3,2,6",2,5,4,1,3,6,,,,,,,,,,,,,,,4,4,4,treatments for altitude sickness,"3,4,5,1,2,6",4,5,1,2,3,6,4,4,4,old town scottsdale arizona history,"3,1,5,4,2,6",2,5,1,4,3,6,4,4,4,George H.W. Bush biography,"5,2,6,1,4,3",4,2,5,1,3,6,78774761974,1
2022-02-09 12:59:26,2022-02-09 13:02:30,0,71.175.7.39,100,183,1,2022-02-09 13:02:30,R_1lhEbtrnpQA8Btf,,,,,40.14349365234375,-75.377899169921875,anonymous,EN,0.89999997615814208984375,,0,20,,5,4,4,How to get rid of sore throat without meds,"5,3,1,4,2,6",3,5,2,4,1,6,,,,,,,,,,,,,,,4,2,3,How to prevent altitude sickness,"5,1,4,3,2,6",2,5,4,3,1,6,2,4,3,History of Old town scottsdale,"3,1,4,5,2,6",2,5,1,3,4,6,4,2,4,I'd like to know more abut George W. Bush's life.,"6,2,5,1,4,3",4,2,5,3,1,6,97147614567,1
2022-02-09 13:21:17,2022-02-09 13:23:04,0,204.210.102.216,23,107,0,2022-02-09 14:21:18,R_1dzblKesLOh6YLd,,,,,,,anonymous,EN,1,,0,0,,5,4,5,natural sore throat cure,,,,,,,,,,,,,,,,,,,,,,,,,,,,,,,,,,,,,,,,,,,,,,,,,,,,,,,49593141837,9
2022-02-09 14:55:33,2022-02-09 14:58:17,0,76.125.139.110,100,163,1,2022-02-09 14:58:17,R_3hmPZ9cZ2jQXpV9,,,,,40.4412994384765625,-79.25330352783203125,anonymous,EN,0.89999997615814208984375,,0,0,,2,3,4,natural coughing remedies,"5,1,4,3,2,6",2,5,4,3,1,6,,,,,,,,,,,,,,,2,4,4,altitude sickness treatments,"3,4,1,5,2,6",3,5,1,2,4,6,1,2,4,old town scottsdale history,"1,3,5,2,4,6",1,4,2,5,3,6,4,4,5,George HW Bush biographies,"5,2,6,1,4,3",4,2,5,1,3,6,96055078918,1
2022-02-09 16:37:27,2022-02-09 16:40:39,0,50.231.89.205,100,191,1,2022-02-09 16:40:39,R_2zdvWZaJZUYIAcv,,,,,40.7156982421875,-74,anonymous,EN,1,,0,5,,5,5,5,remedies,"5,6,3,1,2,4",4,5,3,6,1,2,,,,,,,,,,,,,,,5,5,5,mexico city,"6,4,3,1,5,2",4,6,3,2,5,1,5,5,5,Arizona,"4,3,5,2,1,6",5,4,2,1,3,6,5,5,5,us president george h.w.bush,"5,4,2,6,3,1",6,3,2,1,4,5,56349867598,3
2022-02-09 21:37:54,2022-02-09 21:42:09,0,188.210.212.133,100,254,1,2022-02-09 21:42:09,R_3CHsFlM9c4CK4Ta,,,,,53.48089599609375,-2.237396240234375,anonymous,EN,1,,0,0,,4,3,5,sore throat home remedies,"1,5,3,4,2,6",1,5,3,4,2,6,,,,,,,,,,,,,,,2,4,4,altitude sickness prevention,"1,5,2,4,3,6",1,3,5,4,2,6,2,3,2,old town scottsdale history,"1,3,5,2,4,6",1,4,2,5,3,6,3,3,5,George H. W. Bush biography,"2,5,1,6,4,3",3,1,5,2,4,6,72146383917,1
2022-02-10 01:23:18,2022-02-10 01:30:36,0,71.114.159.253,100,437,1,2022-02-10 01:30:36,R_21hSaxpAmCQwLGO,,,,,40.29949951171875,-76.58679962158203125,anonymous,EN,1,,0,0,,4,3,4,home remedies for sore throat,"5,1,4,2,3,6",2,4,5,3,1,6,,,,,,,,,,,,,,,1,2,4,remedies for altitude sickness,"5,3,4,1,2,6",4,5,2,3,1,6,1,1,3,history of Old Town Scotsdale Az,"3,1,2,4,5,6",2,3,1,4,5,6,4,5,5,George W Bush bio,"5,6,2,1,4,3",4,3,5,1,2,6,76893493784,1
2022-02-10 01:28:33,2022-02-10 01:30:45,0,68.169.141.54,100,131,1,2022-02-10 01:30:45,R_BPWdWVYAodDWW2d,,,,,35.1587066650390625,-85.21630096435546875,anonymous,EN,1,,0,0,,4,4,4,sore throat home treatment,"5,1,3,4,2,6",2,5,3,4,1,6,,,,,,,,,,,,,,,3,4,4,how to get ready for high altitude living,"1,5,2,4,3,6",1,3,5,4,2,6,1,3,4,"scottsdale, az old town","3,4,1,5,2,6",3,5,1,2,4,6,4,4,5,george h.w. bush biographies,"6,5,2,1,4,3",4,3,5,2,1,6,38278511497,1
2022-02-10 01:28:56,2022-02-10 01:31:19,0,76.221.209.152,100,142,1,2022-02-10 01:31:20,R_1HjkqCSkRqmLANv,,,,,42.2967071533203125,-85.20659637451171875,anonymous,EN,0.89999997615814208984375,,0,0,,5,4,4,homeopathy sore throat,"1,3,5,4,2,6",1,5,2,4,3,6,,,,,,,,,,,,,,,4,3,5,altitude sickness prevention,"1,3,4,2,5,6",1,4,2,3,5,6,1,4,4,old town scottsdale history,"3,1,2,4,5,6",2,3,1,4,5,6,5,2,5,george hw bush biography,"2,5,6,1,4,3",4,1,5,2,3,6,83083046709,1
2022-02-10 01:52:53,2022-02-10 01:56:03,0,97.94.83.51,100,189,1,2022-02-10 01:56:03,R_T0AcWqS7ZADL2BX,,,,,43.1772003173828125,-85.2472991943359375,anonymous,EN,1,,0,0,,1,3,5,Folk remedies for sore throat.,"5,1,2,4,3,6",2,3,5,4,1,6,,,,,,,,,,,,,,,1,1,3,Treatments for altitude sickness,"4,3,1,2,5,6",3,4,2,1,5,6,1,4,5,Old Town Scottsdale Arizona history,"3,1,5,2,4,6",2,4,1,5,3,6,4,3,5,George H. W. Bush biography,"5,2,6,1,4,3",4,2,5,1,3,6,13392800069,1
2022-02-10 19:24:10,2022-02-10 19:40:25,0,69.14.90.158,100,975,1,2022-02-10 19:40:27,R_1jBpTH5salz9Tiq,,,,,41.395904541015625,-82.00350189208984375,anonymous,EN,1,,0,5,,3,5,4,sore throat alternative remedies,"1,5,4,3,2,6",1,5,4,3,2,6,,,,,,,,,,,,,,,2,4,3,how to deal with altitude sickness,"4,3,1,2,5,6",3,4,2,1,5,6,1,3,4,History of Old Town Scottsdale before being part of Phoenix,"3,1,4,5,2,6",2,5,1,3,4,6,3,4,5,biography of President George H. W. Bush,"5,2,6,1,4,3",4,2,5,1,3,6,78677898773,1
2022-02-10 20:27:06,2022-02-10 20:39:03,0,208.118.154.35,100,717,1,2022-02-10 20:39:04,R_UaW7XasXLQPC4aR,,,,,46.1363067626953125,-92.589202880859375,anonymous,EN,1,,0,5,,5,4,5,What our some home remedies for a sore throat?,"5,1,2,4,3,6",2,3,5,4,1,6,,,,,,,,,,,,,,,4,4,4,How to survive in Mexico?,"6,5,1,2,4,3",3,4,6,5,2,1,2,3,3,What is the history on Old Town Scottsdale?,"3,1,5,2,4,6",2,4,1,5,3,6,4,4,4,Who was President W Bush?,"1,4,5,6,2,3",1,5,2,3,4,6,85505661456,2
2022-02-10 20:20:10,2022-02-10 20:46:28,0,207.244.89.166,23,1577,0,2022-02-10 21:20:14,R_sSZVcJfk38dkwsV,,,,,,,anonymous,EN,0.89999997615814208984375,,0,105,,,,,,,,,,,,,,,,,,,,,,,,,,,,,,,,,,,,,,,,,,,,,,,,,2,2,5,George Bush's  biographies,,,,,,,,91843444798,0
2022-02-11 01:43:25,2022-02-11 01:47:26,0,69.14.233.210,100,241,1,2022-02-11 01:47:27,R_1dgmtP4QxBjTi9g,,,,,42.2931060791015625,-83.25479888916015625,anonymous,EN,0.89999997615814208984375,,0,0,,5,5,5,"Natural folk remedies for a sore throat ","5,4,1,3,2,6",3,5,4,2,1,6,,,,,,,,,,,,,,,2,4,4,"Remedies for altitude sickness in Mexico City ","5,1,3,4,6,2",2,6,3,4,1,5,2,4,4,"History of Old Town Scottsdale ","3,1,5,2,4,6",2,4,1,5,3,6,5,5,5,"Biography of president George H. W Bush ","6,5,2,1,4,3",4,3,5,2,1,6,18390558282,2
2022-02-11 04:19:35,2022-02-11 04:25:13,0,108.56.207.77,100,337,1,2022-02-11 04:25:14,R_27DOqKBrnfZsYbw,,,,,38.981597900390625,-77.00440216064453125,anonymous,EN,1,,0,0,,4,5,5,sore throat home remedy,"1,3,4,5,2,6",1,5,2,3,4,6,,,,,,,,,,,,,,,2,5,5,prevent altitude sickness,"1,5,2,3,4,6",1,3,4,5,2,6,1,2,4,Old Town Scottsdale history,"1,2,5,3,4,6",1,2,4,5,3,6,1,1,5,George H W Bush biography,"5,2,6,1,4,3",4,2,5,1,3,6,23798185735,1
2022-02-11 06:22:25,2022-02-11 06:23:07,0,73.189.147.24,8,41,0,2022-02-11 07:22:33,R_3Lh7Lp3XUW19Rw2,,,,,,,anonymous,EN,0.89999997615814208984375,,0,0,,,,,,,,,,,,,,,,,,,,,,,,,,,,,,,,,,,,,,,,,,,,,,,,,,,,,,,,,,,,67172636985,0
2022-02-11 10:16:54,2022-02-11 10:21:22,0,108.234.158.75,100,267,1,2022-02-11 10:21:22,R_3kyUgsk6rmc7u6X,,,,,41.5435943603515625,-87.6826019287109375,anonymous,EN,0.89999997615814208984375,,0,0,,4,3,4,sore throat remedies,"1,5,4,3,2,6",1,5,4,3,2,6,,,,,,,,,,,,,,,2,4,5,altitude sickness prevention,"5,1,4,3,2,6",2,5,4,3,1,6,1,5,4,Old Town Phoenix,"3,1,5,4,2,6",2,5,1,4,3,6,2,2,4," George H.W. Bush Biography","5,2,6,1,4,3",4,2,5,1,3,6,81014328005,1
2022-02-11 12:57:04,2022-02-11 13:00:52,0,73.157.41.91,100,228,1,2022-02-11 13:00:53,R_POrfWavJhnMMGid,,,,,47.722900390625,-122.19609832763671875,anonymous,EN,1,,0,0,,4,4,4,folk remedies for sore throat,"1,5,4,2,3,6",1,4,5,3,2,6,,,,,,,,,,,,,,,4,4,4,How to prevent altitude sickness,"5,1,4,3,2,6",2,5,4,3,1,6,1,3,4,Old Town Scottsdale history,"3,1,5,4,2,6",2,5,1,4,3,6,3,2,5,George H. W. Bush biography,"5,2,6,1,4,3",4,2,5,1,3,6,63882758431,1
2022-02-11 13:03:53,2022-02-11 13:06:34,0,72.128.43.112,100,160,1,2022-02-11 13:06:34,R_1GwCTkblo3A3XHG,,,,,39.1472015380859375,-94.7873992919921875,anonymous,EN,1,,0,0,,2,4,4,sore throat folk remedies,"2,1,3,4,6,5",2,1,3,4,6,5,,,,,,,,,,,,,,,2,4,4,"altitude sickness medicine ","5,3,4,2,6,1",6,4,2,3,1,5,4,5,4,"old town Scottsdale ","1,2,5,4,3,6",1,2,5,4,3,6,4,5,4,George bush biographies,"2,5,1,4,3,6",3,1,4,2,6,5,18369597678,5
2022-02-11 15:32:33,2022-02-11 15:36:24,0,99.29.152.81,100,230,1,2022-02-11 15:36:24,R_3PdlmdB5VuXJXhr,,,,,41.534393310546875,-81.53189849853515625,anonymous,EN,1,,0,0,,5,5,5,folk remedies sore throat,"5,4,1,2,3,6",3,4,5,2,1,6,,,,,,,,,,,,,,,5,5,5,how can I prevent altitude sickness,"1,5,4,3,2,6",1,5,4,3,2,6,1,3,5,history of old town scottsdale,"1,3,4,5,2,6",1,5,2,3,4,6,5,5,5,George H W Bush biography,"5,6,2,1,4,3",4,3,5,1,2,6,11068552236,1
2022-02-11 16:14:00,2022-02-11 16:17:06,0,104.172.136.246,100,186,1,2022-02-11 16:17:06,R_Z7v3WVCUbBeMpTX,,,,,34.1855926513671875,-119.2136993408203125,anonymous,EN,1,,0,0,,2,5,5,Natural folk remedies for soar throat.,"5,1,4,3,2,6",2,5,4,3,1,6,,,,,,,,,,,,,,,1,5,5,How to prepare for altitude sickness from highly elevated cities?,"5,3,4,1,2,6",4,5,2,3,1,6,2,5,5,History of Old Town Scottsdale.,"3,1,5,4,2,6",2,5,1,4,3,6,2,2,4,George H. W. Bush biographies,"6,2,5,1,4,3",4,2,5,3,1,6,28088945231,1
2022-02-12 03:21:56,2022-02-12 03:28:42,0,45.86.210.172,100,405,1,2022-02-12 03:28:42,R_2cc5sUaKy5itrWU,,,,,33.4412994384765625,-112.0420989990234375,anonymous,EN,0.89999997615814208984375,,,,,5,5,5,sore throat folk remedy cures,"5,1,4,3,2,6",2,5,4,3,1,6,,,,,,,,,,,,,,,5,5,5,altitude sickness prevention or cures,"5,3,1,4,2,6",3,5,2,4,1,6,4,4,4,Arizona old town scottsdale,"3,1,4,2,6,5",2,4,1,3,6,5,4,4,4,George H. W. Bush biography,"5,6,2,1,4,3",4,3,5,1,2,6,39547676728,2
2022-02-12 06:25:46,2022-02-12 06:30:10,0,100.8.119.202,100,263,1,2022-02-12 06:30:11,R_xAxgmF1I7PUawi5,,,,,40.7158050537109375,-74.35900115966796875,anonymous,EN,1,,0,0,,5,5,5,folk remedies for sore throat,"1,5,4,2,3,6",1,4,5,3,2,6,,,,,,,,,,,,,,,4,4,4,Altitude sickness treatments and prevention techniques,"3,1,4,5,2,6",2,5,1,3,4,6,4,4,4,Old Town Scottsdale history,"1,3,5,2,4,6",1,4,2,5,3,6,2,2,5,George H. W. Bush biographies,"5,2,6,1,4,3",4,2,5,1,3,6,28671285666,1
2022-02-12 08:08:17,2022-02-12 08:08:58,0,103.251.226.101,8,40,0,2022-02-12 09:08:26,R_2V8fvbMmMrDlHKb,,,,,,,anonymous,EN,1,,0,5,,,,,,,,,,,,,,,,,,,,,,,,,,,,,,,,,,,,,,,,,,,,,,,,,,,,,,,,,,,,46774636770,0
2022-02-12 11:21:35,2022-02-12 11:24:28,0,73.84.237.216,100,172,1,2022-02-12 11:24:29,R_VWjit53vfbVA7ct,,,,,25.7738037109375,-80.3583984375,anonymous,EN,1,,0,0,,2,4,3,sore throat folk remedies,"1,5,4,2,3,6",1,4,5,3,2,6,,,,,,,,,,,,,,,3,1,5,"altitude sickness treatments ","1,3,4,2,5,6",1,4,2,3,5,6,1,2,4,Old town Scottsdale history,"3,1,2,5,4,6",2,3,1,5,4,6,4,2,5,George H.W. Bush biographies,"2,5,6,1,4,3",4,1,5,2,3,6,74123081709,1
2022-02-12 12:00:46,2022-02-12 12:05:11,0,165.225.220.123,100,265,1,2022-02-12 12:05:12,R_2OOA39QriU6CvCG,,,,,40.7427978515625,-73.97119903564453125,anonymous,EN,1,,0,25,,5,5,4,At home sore throat remedy,"4,5,1,2,6,3",3,4,6,1,2,5,,,,,,,,,,,,,,,2,3,2,How to relieve altitude sickness,"3,1,4,5,2,6",2,5,1,3,4,6,1,4,3,Old Town Scottsdale history,"3,1,5,4,2,6",2,5,1,4,3,6,4,5,4,George H.W. Bush official biography,"2,5,6,1,4,3",4,1,5,2,3,6,87769632278,2
2022-02-12 12:00:36,2022-02-12 12:05:41,0,23.84.70.4,100,304,1,2022-02-12 12:05:41,R_33EixvduYlirke8,,,,,38.6551971435546875,-90.2494964599609375,anonymous,EN,1,,0,10,,3,2,5,"sore throat folk remedy ","1,5,4,2,3,6",1,4,5,3,2,6,,,,,,,,,,,,,,,2,2,5,"altitude sickness treatment and prevention ","5,4,3,1,2,6",4,5,3,2,1,6,2,4,5,"old town Scottsdale history before Phoenix ","1,3,5,2,4,6",1,4,2,5,3,6,4,3,5,"HW Bush biography ","5,2,1,6,4,3",3,2,5,1,4,6,19402821450,1
2022-02-12 12:25:44,2022-02-12 12:41:34,0,73.236.233.120,100,949,1,2022-02-12 12:41:36,R_1P4MwRX544TLCql,,,,,40.566192626953125,-79.70780181884765625,anonymous,EN,,,,,,4,4,4,sore throat remedies,"1,5,4,3,2,6",1,5,4,3,2,6,,,,,,,,,,,,,,,4,4,5,altitude sickness remedies,"1,3,4,5,2,6",1,5,2,3,4,6,2,4,4,Old Town Scotsdale history,"1,4,3,5,2,6",1,5,3,2,4,6,5,4,5,George W. Bush,"1,2,5,6,4,3",1,2,5,3,4,6,67832804983,1
2022-02-12 14:26:12,2022-02-12 14:33:26,0,98.250.53.187,100,434,1,2022-02-12 14:33:26,R_1NsOk3GHSDsJYik,,,,,42.737701416015625,-84.52390289306640625,anonymous,EN,1,,0,0,,5,5,5,Home remedies for a sore throat,"1,5,4,3,2,6",1,5,4,3,2,6,,,,,,,,,,,,,,,2,3,5,altitude sickness prevention,"1,3,4,2,5,6",1,4,2,3,5,6,1,4,4,History of old town scottsdale,"3,1,5,4,2,6",2,5,1,4,3,6,3,3,5,President George H.W. Bush biography,"5,2,1,6,4,3",3,2,5,1,4,6,49807432400,1
2022-02-12 14:41:04,2022-02-12 14:43:43,0,136.57.182.19,100,159,1,2022-02-12 14:43:45,R_eeZ4xy4NTp3Jb5D,,,,,35.291595458984375,-80.820098876953125,anonymous,EN,1,,0,0,,2,2,5,sore throat treatments,"1,5,4,2,3,6",1,4,5,3,2,6,,,,,,,,,,,,,,,1,1,4,how to prevent altitude sickness,"5,4,1,3,2,6",3,5,4,2,1,6,1,4,2,scottsdale ghost town,"4,3,1,5,2,6",3,5,2,1,4,6,3,2,5,h w bush bio,"5,2,6,1,4,3",4,2,5,1,3,6,62864591910,1
2022-02-12 14:54:24,2022-02-12 14:58:20,0,108.185.146.83,100,236,1,2022-02-12 14:58:21,R_3Hty9cuheLe6i4i,,,,,34.0543975830078125,-118.2440948486328125,anonymous,EN,1,,0,0,,4,4,5,cough home remedy,"1,5,4,3,2,6",1,5,4,3,2,6,,,,,,,,,,,,,,,1,2,4,prevent altitude sickness,"1,5,4,3,2,6",1,5,4,3,2,6,1,4,4,history Scottsdale,"1,3,4,5,2,6",1,5,2,3,4,6,2,1,5,Bio HW Bush,"5,2,6,1,4,3",4,2,5,1,3,6,19195883492,1
2022-02-12 17:12:01,2022-02-12 17:15:52,0,73.171.50.82,100,231,1,2022-02-12 17:15:52,R_2yjtWc0fWrmc633,,,,,37.5702056884765625,-77.42389678955078125,anonymous,EN,1,,0,10,,4,2,5,sore throat home remedy,"1,4,5,2,3,6",1,4,5,2,3,6,,,,,,,,,,,,,,,2,2,5,high altitude sickness treatment,"3,2,1,4,5,6",3,2,1,4,5,6,2,4,4,Old Town Scottsdale history,"1,3,5,4,2,6",1,5,2,4,3,6,4,4,5,George H W Bush biography,"2,5,6,1,4,3",4,1,5,2,3,6,65726462577,1
2022-02-12 18:01:40,2022-02-12 18:05:13,0,72.208.207.238,100,212,1,2022-02-12 18:05:14,R_2Evjh93W6tTwmYQ,,,,,33.405303955078125,-111.7227020263671875,anonymous,EN,1,,0,0,,5,3,5,sore throat home remedies,"1,5,4,2,3,6",1,4,5,3,2,6,,,,,,,,,,,,,,,2,3,4,altitude sickness remedies,"1,3,4,5,2,6",1,5,2,3,4,6,5,4,5,history of scottsdale arizona,"1,3,2,5,4,6",1,3,2,5,4,6,4,4,5,george h w bush biography,"1,5,2,6,4,3",1,3,5,2,4,6,75801202950,1
2022-02-12 18:16:25,2022-02-12 18:21:42,0,142.186.77.65,100,316,1,2022-02-12 18:21:42,R_3kAKOw4vnNE29VA,,,,,43.654693603515625,-79.36229705810546875,anonymous,EN,1,,0,10,,2,3,5,folk remedies for sore throat,"5,1,4,3,2,6",2,5,4,3,1,6,,,,,,,,,,,,,,,1,2,4,ways to prevent altitude sickness,"5,1,2,3,4,6",2,3,4,5,1,6,1,2,4,history of Old Town Scottsdale Arizona,"3,1,4,5,2,6",2,5,1,3,4,6,4,2,5,George H.W. Bush biography,"6,5,2,1,4,3",4,3,5,2,1,6,98284602821,1
2022-02-12 20:52:56,2022-02-12 20:55:03,0,99.8.86.242,100,127,1,2022-02-12 20:55:03,R_3g0iNDlT8rPkrOk,,,,,42.28070068359375,-83.78009796142578125,anonymous,EN,1,,0,0,,3,3,5,sore throat remedies,"1,5,4,3,2,6",1,5,4,3,2,6,,,,,,,,,,,,,,,3,3,3,altitude sickness prevention,"1,5,3,4,2,6",1,5,3,4,2,6,3,3,3,Old Town Scottsdale history,"3,5,1,4,2,6",3,5,1,4,2,6,3,4,3,george hw bush biography,"5,2,6,1,4,3",4,2,5,1,3,6,71780839816,1
2022-02-13 00:00:22,2022-02-13 00:12:05,0,70.179.211.39,100,703,1,2022-02-13 00:12:06,R_2YStHIPQmAqo1kk,,,,,39.132904052734375,-95.702301025390625,anonymous,EN,1,,0,0,,5,4,5,home folk remedies sore throat,"5,1,3,4,2,6",2,5,3,4,1,6,,,,,,,,,,,,,,,2,2,4,Mexico City altitude sickness cure,"5,1,3,4,2,6",2,5,3,4,1,6,2,2,3,Old Town Scottsdale history,"3,1,4,5,2,6",2,5,1,3,4,6,2,2,4,George H.W. Bush biographies,"6,5,2,1,4,3",4,3,5,2,1,6,88668094871,1
2022-02-13 00:59:22,2022-02-13 01:03:44,0,71.47.127.32,100,261,1,2022-02-13 01:03:44,R_Wv0XYMUktgd1zEJ,,,,,28.188507080078125,-81.269500732421875,anonymous,EN,1,,0,0,,4,1,3,"sore throat home remedies ","1,5,4,2,3,6",1,4,5,3,2,6,,,,,,,,,,,,,,,4,2,5,"prevent altitude sickness ","1,5,3,4,2,6",1,5,3,4,2,6,1,5,5,"Old town scottsdale ","4,2,3,1,5,6",4,2,3,1,5,6,5,1,5,"H W Bush biographies   ","2,5,6,1,4,3",4,1,5,2,3,6,48610526530,1
2022-02-13 00:13:09,2022-02-13 00:15:45,0,70.40.252.133,31,155,0,2022-02-13 01:13:14,R_3ndS2d1ECnBKUPL,,,,,,,anonymous,EN,1,,0,5,,,,,,,,,,,,,,,,,,,,,,,,,,,,,,,,,,,,,,,,,,,,,,,,,2,4,4,George H. W. Bush,"1,2,5,6,4,3",1,2,5,3,4,6,51846219140,1
2022-02-13 03:30:06,2022-02-13 03:35:40,0,100.19.94.69,100,334,1,2022-02-13 03:35:42,R_2fwVmT3U9Hspni6,,,,,39.92059326171875,-75.1826019287109375,anonymous,EN,1,,0,0,,4,2,5,folk remedies for sore throat,"5,1,4,2,3,6",2,4,5,3,1,6,,,,,,,,,,,,,,,1,4,5,prevention of altitude sickness,"1,5,2,3,4,6",1,3,4,5,2,6,1,2,4,history of Old Town Scottsdale,"3,1,5,2,4,6",2,4,1,5,3,6,4,4,5,George H.W. Bush biographies,"6,5,2,1,4,3",4,3,5,2,1,6,62638074811,1
2022-02-13 04:36:21,2022-02-13 04:40:42,0,209.107.191.28,100,261,1,2022-02-13 04:40:43,R_21mi6wC5k3zcAEb,,,,,37.751007080078125,-97.82199859619140625,anonymous,EN,1,,0,75,,3,3,5,Home remedies for sore throat,"1,5,4,2,3,6",1,4,5,3,2,6,,,,,,,,,,,,,,,4,4,5,Altitude sickness remedies,"5,1,4,3,2,6",2,5,4,3,1,6,1,3,5,Old town Scottsdale history,"3,1,5,2,4,6",2,4,1,5,3,6,3,4,5,George H. W. Bush biography,"2,5,6,1,4,3",4,1,5,2,3,6,65842387797,1
2022-02-13 05:50:10,2022-02-13 05:56:39,0,35.139.104.105,100,389,1,2022-02-13 05:56:39,R_2VKBMgkOOkX9K3n,,,,,28.0164031982421875,-81.9553985595703125,anonymous,EN,1,,0,0,,5,5,5,folk remedies for sore throat,"5,1,3,4,2,6",2,5,3,4,1,6,,,,,,,,,,,,,,,4,5,5,treatments to prevent altitude sickness,"5,1,4,3,2,6",2,5,4,3,1,6,2,5,5,What is the history with Old Town Scottsdale,"3,5,1,4,2,6",3,5,1,4,2,6,4,4,5,biography of President George H. W. Bush,"5,6,2,1,4,3",4,3,5,1,2,6,34498316061,1
2022-02-13 05:56:51,2022-02-13 06:00:36,0,70.67.145.133,100,224,1,2022-02-13 06:00:41,R_3kFDwXWOFdBLVUC,,,,,49.6584930419921875,-124.9835052490234375,anonymous,EN,1,,0,0,,5,4,4,Sore throat remedies,"1,5,4,2,3,6",1,4,5,3,2,6,,,,,,,,,,,,,,,1,4,3,How to prevent altitude sickness,"1,3,2,4,5,6",1,3,2,4,5,6,1,2,3,Old Town Scottsdale history,"1,2,3,4,5,6",1,2,3,4,5,6,4,2,5,George H W Bush biography,"2,1,5,6,4,3",2,1,5,3,4,6,82912189974,1
2022-02-13 06:58:46,2022-02-13 07:06:16,0,72.78.76.5,100,450,1,2022-02-13 07:06:16,R_2fvNte88qJgAQHw,,,,,40.267303466796875,-74.948699951171875,anonymous,EN,1,,0,5,,4,4,4,Homemade remedies for sore throat,"5,1,4,2,3,6",2,4,5,3,1,6,,,,,,,,,,,,,,,1,4,4,prevention and treatment of high altitude sickness,"5,1,4,3,6,2",2,6,4,3,1,5,1,4,3,The history of Old Town Scottsdale,"3,1,2,5,4,6",2,3,1,5,4,6,4,3,5,The life of President George H. W. Bush,"2,6,5,1,4,3",4,1,5,3,2,6,36651476069,2
2022-02-13 10:17:53,2022-02-13 10:23:58,0,172.58.19.91,100,365,1,2022-02-13 10:23:58,R_1rCYh3uovbyDzkA,,,,,33.78729248046875,-117.923095703125,anonymous,EN,0.800000011920928955078125,,0,0,,4,5,5,sore throat folk remedy,"1,5,4,2,3,6",1,4,5,3,2,6,,,,,,,,,,,,,,,1,3,5,altitude sickness treatments,"3,4,1,5,2,6",3,5,1,2,4,6,1,1,1,old town scottsdale history,"1,3,5,4,2,6",1,5,2,4,3,6,1,1,1,george hw bush biography,"5,2,6,1,4,3",4,2,5,1,3,6,59949684436,1
2022-02-13 12:42:16,2022-02-13 12:46:43,0,67.163.230.27,100,267,1,2022-02-13 12:46:43,R_1LnC0q8m7wOc82f,,,,,40.1587982177734375,-79.81220245361328125,anonymous,EN,1,,0,0,,3,4,4,sore throat home remedy,"1,5,4,3,2,6",1,5,4,3,2,6,,,,,,,,,,,,,,,2,3,4,how to deal with altitude sickness,"1,4,3,5,2,6",1,5,3,2,4,6,1,2,4,Old Town Scottsdale history,"1,2,5,4,3,6",1,2,5,4,3,6,4,3,5,george hw bush biography,"2,5,6,1,4,3",4,1,5,2,3,6,28205406495,1
2022-02-13 14:03:10,2022-02-13 14:09:01,0,71.209.247.103,100,350,1,2022-02-13 14:09:01,R_xmzRpFwJtJ6Pqtr,,,,,33.5037994384765625,-112.025299072265625,anonymous,EN,0.89999997615814208984375,,0,0,,3,4,4,Sore throat folk remedies,"3,1,5,4,2,6",2,5,1,4,3,6,,,,,,,,,,,,,,,2,4,4,"Prevent altitude sickness ","1,5,3,4,2,6",1,5,3,4,2,6,4,5,4,"History of Scottsdale ","1,3,5,2,4,6",1,4,2,5,3,6,2,2,5,George HW Bush,"1,2,5,6,3,4",1,2,6,3,4,5,38758758318,1
2022-02-13 17:23:56,2022-02-13 17:27:02,0,24.190.47.7,100,185,1,2022-02-13 17:27:02,R_2ZX0ioMURhGGQ8j,,,,,40.7615966796875,-72.850799560546875,anonymous,EN,1,,0,5,,5,3,5,Sore throat remedies,"1,4,5,2,3,6",1,4,5,2,3,6,,,,,,,,,,,,,,,2,2,5,Preventing altitude sickness,"1,4,3,2,5,6",1,4,3,2,5,6,1,1,5,Scottsdale Arizona history,"3,5,1,2,4,6",3,4,1,5,2,6,5,1,5,George H.W. Bush biographies,"2,5,6,1,4,3",4,1,5,2,3,6,34995379641,1
2022-02-13 20:32:11,2022-02-13 20:36:31,0,68.255.65.63,100,259,1,2022-02-13 20:36:31,R_2YhULvq4qYtIh7E,,,,,33.39019775390625,-84.47480010986328125,anonymous,EN,0.4000000059604644775390625,,,,,3,4,5,sore throat remedies,"4,1,5,3,2,6",2,5,4,1,3,6,,,,,,,,,,,,,,,1,3,5,treatment for high altitude sickness,"1,4,3,5,2,6",1,5,3,2,4,6,1,3,5,history of Old Town Scottsdale,"3,1,5,2,4,6",2,4,1,5,3,6,5,3,5,Biography facts George H. W. Bush,"5,2,1,6,4,3",3,2,5,1,4,6,64177436390,1
2022-02-13 23:59:46,2022-02-14 00:04:54,0,70.162.25.201,100,307,1,2022-02-14 00:04:54,R_2pWhz6q6Csykafi,,,,,31.94549560546875,-110.9972991943359375,anonymous,EN,1,,0,0,,4,5,5,folk remedies for sore throat,"5,1,4,3,2,6",2,5,4,3,1,6,,,,,,,,,,,,,,,2,3,5,altitude sickness treatment,"3,4,5,1,2,6",4,5,1,2,3,6,1,4,3,old town scottsdale history,"3,1,5,2,4,6",2,4,1,5,3,6,4,5,5,george h.w. bush biographies,"6,5,2,1,4,3",4,3,5,2,1,6,93231160398,1
2022-02-14 10:06:16,2022-02-14 10:11:17,0,24.242.228.83,100,301,1,2022-02-14 10:11:19,R_1DqiUtJs1tl4AKa,,,,,32.8235931396484375,-96.681396484375,anonymous,EN,1,,0,0,,5,4,5,home cough remedy,"3,2,5,1,4,6",4,2,1,5,3,6,,,,,,,,,,,,,,,1,4,4,altitude sickness,"4,1,3,2,5,6",2,4,3,1,5,6,1,2,4,"Old Town, Scottsdale","3,1,5,4,2,6",2,5,1,4,3,6,4,1,5,George H.w. Bush,"1,5,2,6,4,3",1,3,5,2,4,6,50114531377,1
2022-02-14 10:45:01,2022-02-14 10:49:24,0,24.10.22.33,100,262,1,2022-02-14 10:49:24,R_ULQp5HyaWjODpkJ,,,,,38.6967010498046875,-121.3130035400390625,anonymous,EN,1,,0,0,,2,4,5,sore throat natural remedies,"1,5,4,2,3,6",1,4,5,3,2,6,,,,,,,,,,,,,,,1,2,5,altitude sickness Mexico city,"5,1,3,4,2,6",2,5,3,4,1,6,2,4,5,Old Town Scottsdale AZ history,"3,1,5,4,2,6",2,5,1,4,3,6,4,4,5,George H. W. Bush biography,"5,2,6,4,1,3",5,2,4,1,3,6,46591127887,1
2022-02-14 13:54:13,2022-02-14 13:56:14,0,162.221.219.28,100,121,1,2022-02-14 13:56:14,R_spLifmsek87lFsZ,,,,,38.093597412109375,-84.5009002685546875,anonymous,EN,1,,0,0,,4,4,4,cough home remedy,"3,1,2,5,6,4",2,3,1,6,4,5,,,,,,,,,,,,,,,4,3,4,altitude sickness mexico city,"5,3,2,1,4,6",4,3,2,5,1,6,4,3,4,old town scottsdale,"1,2,3,4,5,6",1,2,3,4,5,6,4,4,4,george hw bush biography,"1,2,5,6,4,3",1,2,5,3,4,6,16592305426,2
2022-02-14 13:58:17,2022-02-14 14:03:11,0,24.14.17.170,100,293,1,2022-02-14 14:03:11,R_1qe8DQPJ46LFWsY,,,,,42.36669921875,-88.092498779296875,anonymous,EN,1,,0,0,,5,5,5,what are old time recipes for sore throat,"2,5,1,4,3,6",3,1,5,4,2,6,,,,,,,,,,,,,,,4,4,4,what is altitude sickness,"2,5,1,3,4,6",3,1,4,5,2,6,5,5,5,topics on old town scottsdale,"5,3,1,2,4,6",3,4,2,5,1,6,4,4,4,WHO WAS GEORGE H.W. BUSH,"4,1,6,5,2,3",2,5,1,4,3,6,10179138621,1
2022-02-14 14:03:15,2022-02-14 14:05:56,0,98.47.214.52,100,161,1,2022-02-14 14:05:56,R_sU8UXll8qc535FT,,,,,37.6403045654296875,-122.0666961669921875,anonymous,EN,1,,0,0,,3,4,5,natural sore throat remedies,"1,5,3,4,2,6",1,5,3,4,2,6,,,,,,,,,,,,,,,2,4,4,altitude sickness cures,"1,3,4,2,5,6",1,4,2,3,5,6,1,1,2,Scottsdale AZ history,"1,3,5,2,4,6",1,4,2,5,3,6,3,1,5,president hw bush,"2,5,1,6,4,3",3,1,5,2,4,6,72324757543,1
2022-02-14 14:02:43,2022-02-14 14:07:12,0,185.209.179.60,100,269,1,2022-02-14 14:07:13,R_3fxZmVdgy2r482p,,,,,40.7487945556640625,-73.9882965087890625,anonymous,EN,0.89999997615814208984375,,0,105,,4,5,4,sore throat home treatment,"1,4,3,5,2,6",1,5,3,2,4,6,,,,,,,,,,,,,,,1,4,4,treatment for altitude sickness,"5,3,4,1,2,6",4,5,2,3,1,6,1,4,5,history of Old Town Scottsdale,"1,5,2,3,4,6",1,3,4,5,2,6,4,4,5,George H. W. Bush,"5,2,1,4,6,3",3,2,4,1,5,6,35374690452,1
2022-02-14 14:02:04,2022-02-14 14:08:18,0,72.128.220.216,100,373,1,2022-02-14 14:08:18,R_1lc7FJgTjmLB3Kd,,,,,42.666900634765625,-88.26300048828125,anonymous,EN,1,,0,0,,4,2,5,folk remedy sore throat,"1,3,5,4,2,6",1,5,2,4,3,6,,,,,,,,,,,,,,,2,1,5,flight sickness treatments,"1,3,2,4,5,6",1,3,2,4,5,6,1,5,5,Old Town Scottsdale history,"1,3,5,2,4,6",1,4,2,5,3,6,3,1,5,George H. W. Bush biography,"2,5,6,1,4,3",4,1,5,2,3,6,95208630142,1
2022-02-14 14:05:38,2022-02-14 14:08:23,0,24.190.102.86,100,164,1,2022-02-14 14:08:23,R_UaWoL94yRPWCjQZ,,,,,40.7135009765625,-73.3545989990234375,anonymous,EN,1,,0,0,,5,5,5,Remedies for sore throat,"5,1,4,2,3,6",2,4,5,3,1,6,,,,,,,,,,,,,,,4,5,5,How to prevent altitude sickness,"4,1,3,2,6,5",2,4,3,1,6,5,1,2,5,Old Town Scottsdale history,"3,1,2,4,5,6",2,3,1,4,5,6,5,1,5,George W Bush biography,"5,2,6,1,4,3",4,2,5,1,3,6,56963964381,2
2022-02-14 14:12:14,2022-02-14 14:15:40,0,174.84.79.207,100,205,1,2022-02-14 14:15:40,R_2RQAK1b4zzXUcYi,,,,,42.9058990478515625,-83.99379730224609375,anonymous,EN,1,,0,0,,4,4,4,sore throat home remedies,"1,4,5,3,2,6",1,5,4,2,3,6,,,,,,,,,,,,,,,4,4,4,avoiding altitude sickness on plane,"3,1,4,2,5,6",2,4,1,3,5,6,2,4,4,history Scottsdale Arizona,"3,4,1,5,2,6",3,5,1,2,4,6,4,2,4,George H.W. Bush biography,"5,2,6,1,4,3",4,2,5,1,3,6,61397339613,1
2022-02-14 14:12:35,2022-02-14 14:15:46,0,69.250.86.106,100,191,1,2022-02-14 14:15:46,R_3kvWdaQEYD41CFb,,,,,39.569305419921875,-76.98690032958984375,anonymous,EN,1,,0,0,,3,5,5,folk remedies for sore throat,"1,5,4,3,2,6",1,5,4,3,2,6,,,,,,,,,,,,,,,3,4,5,How to prevent altitude sickness on an airplane,"1,4,3,5,2,6",1,5,3,2,4,6,3,5,5,"History of Scottsdale, Arizona","3,1,5,4,2,6",2,5,1,4,3,6,4,2,5,Biography for George H. W. Bush,"2,5,6,1,4,3",4,1,5,2,3,6,26671472848,1
2022-02-14 14:12:39,2022-02-14 14:16:43,0,86.143.133.139,100,243,1,2022-02-14 14:16:43,R_DTpx2bJWDe4Pma5,,,,,55.8621063232421875,-4.0312042236328125,anonymous,EN,0.89999997615814208984375,,0,5,,5,5,5,Can't get to sleep,"3,6,2,5,4,1",6,3,1,5,4,2,,,,,,,,,,,,,,,5,5,5,Business trip,"5,6,4,3,2,1",6,5,4,3,1,2,5,5,5,Driving north along highway 17 in Arizona.,"3,6,4,1,5,2",4,6,1,3,5,2,5,5,5,US president H.W. Bush,"5,6,4,2,3,1",6,4,3,1,2,5,28121824609,4
2022-02-14 13:56:05,2022-02-14 14:16:54,0,67.48.11.188,100,1248,1,2022-02-14 14:16:54,R_1lAijk2kqwk3rMk,,,,,33.1909027099609375,-96.6197967529296875,anonymous,EN,1,,0,0,,4,4,5,throat problem. he take cough drops and better out until morning.,"5,1,3,6,4,2",2,6,3,5,1,4,,,,,,,,,,,,,,,1,3,4,Make a  business trip.,"2,6,5,4,3,1",6,1,5,4,3,2,4,5,4,driving north along highway.,"2,5,1,3,4,6",3,1,4,5,2,6,5,4,5,about us president.,"6,1,4,5,2,3",2,5,3,4,1,6,64427237117,3
2022-02-14 14:07:07,2022-02-14 14:25:46,0,73.9.146.59,100,1118,1,2022-02-14 14:25:46,R_snHPLax4ZwpBEhb,,,,,41.7191009521484375,-88.3303985595703125,anonymous,EN,1,,0,0,,5,5,5,folk remedies for sore throat,"5,1,4,2,3,6",2,4,5,3,1,6,,,,,,,,,,,,,,,2,4,5,Prevention and treatments for altitude sickness,"4,3,1,5,2,6",3,5,2,1,4,6,5,4,5,History of Old Town Scottsdale before swallowed up by Phoenix.,"3,1,5,2,4,6",2,4,1,5,3,6,4,4,5,Biography of George H. W. Bush,"5,2,6,1,4,3",4,2,5,1,3,6,90874787517,1
2022-02-14 14:23:51,2022-02-14 14:27:37,0,72.14.119.2,100,225,1,2022-02-14 14:27:37,R_AnfCHfqObsUtQEp,,,,,48.704803466796875,-95.750396728515625,anonymous,EN,1,,0,5,,4,3,4,At home remedies sore throat,"1,5,4,2,3,6",1,4,5,3,2,6,,,,,,,,,,,,,,,3,4,4,How to prevent altitude sickness,"1,5,3,4,2,6",1,5,3,4,2,6,2,5,4,Old Town Scottsdale history,"3,1,5,2,4,6",2,4,1,5,3,6,1,2,4,George H.W. Bush biographies,"2,6,5,1,4,3",4,1,5,3,2,6,52510863263,1
2022-02-14 14:26:43,2022-02-14 14:28:12,0,156.96.62.62,100,89,1,2022-02-14 14:28:13,R_1FfApqiYGAu5ycQ,,,,,37.751007080078125,-97.82199859619140625,anonymous,EN,1,,0,25,,4,5,4,ok,"3,5,2,1,4,6",4,3,1,5,2,6,,,,,,,,,,,,,,,4,5,4,ok,"5,1,4,3,6,2",2,6,4,3,1,5,4,5,4,ok,"3,1,2,6,4,5",2,3,1,5,6,4,4,5,4,ok,"2,3,5,6,4,1",6,1,5,3,4,2,11570417913,3
2022-02-14 14:24:50,2022-02-14 14:28:24,0,67.85.212.55,100,214,1,2022-02-14 14:28:25,R_p4MTkkRz10lz71v,,,,,40.671295166015625,-73.8943023681640625,anonymous,EN,1,,0,0,,2,4,4,sore throat natural remedies,"1,5,4,2,3,6",1,4,5,3,2,6,,,,,,,,,,,,,,,1,3,4,altitude sickness prevention,"5,4,1,3,2,6",3,5,4,2,1,6,1,3,4,Old Town Scottsdale history,"3,1,4,5,2,6",2,5,1,3,4,6,1,2,5,george h. w. bush biography,"5,2,6,1,4,3",4,2,5,1,3,6,55588408114,1
2022-02-14 14:27:32,2022-02-14 14:30:05,0,68.59.117.67,100,152,1,2022-02-14 14:30:06,R_8eI3oJSgwoK1q4V,,,,,30.7781982421875,-83.55190277099609375,anonymous,EN,1,,0,0,,4,4,5,Home remedies for sore throat,"1,5,4,2,3,6",1,4,5,3,2,6,,,,,,,,,,,,,,,2,3,5,Altitude sickness prevention and treatment,"1,3,4,2,5,6",1,4,2,3,5,6,1,3,4,"Scottsdale, Arizona history","3,4,2,1,5,6",4,3,1,2,5,6,4,5,5,Best George H. W. Bush biographies,"2,5,6,1,4,3",4,1,5,2,3,6,26625281039,1
2022-02-14 14:28:11,2022-02-14 14:31:02,0,162.231.57.35,100,170,1,2022-02-14 14:31:02,R_2Y3z6CuMiz5Hktn,,,,,32.7404937744140625,-117.09349822998046875,anonymous,EN,1,,0,0,,5,4,5,natural cough alternative,"1,5,3,4,2,6",1,5,3,4,2,6,,,,,,,,,,,,,,,2,3,5,how to prevent altitude sickness,"2,1,4,3,5,6",2,1,4,3,5,6,1,4,5,Old Town Scottsdale history,"1,2,4,3,5,6",1,2,4,3,5,6,4,2,5,George H W Bush bio,"2,1,5,4,6,3",2,1,4,3,5,6,75358064952,1
2022-02-14 14:28:29,2022-02-14 14:31:17,0,66.66.146.234,100,167,1,2022-02-14 14:31:17,R_3EGYrpbmQZX2mNu,,,,,43.220703125,-77.5991973876953125,anonymous,EN,0.89999997615814208984375,,0,0,,4,5,4,Home remedies sore throat,"5,1,4,3,2,6",2,5,4,3,1,6,,,,,,,,,,,,,,,2,5,4,Preventing high altitude sickness,"1,3,4,5,2,6",1,5,2,3,4,6,2,5,4,Early History Scottsdale AZ,"1,3,2,5,4,6",1,3,2,5,4,6,4,2,5,George H. W. Bush Bio,"6,5,2,1,4,3",4,3,5,2,1,6,28817363944,1
2022-02-14 14:26:12,2022-02-14 14:31:22,0,94.103.189.23,100,310,1,2022-02-14 14:31:23,R_2PoNKJjmau51Iaf,,,,,39.046905517578125,-77.49030303955078125,anonymous,EN,1,,0,85,,4,4,4,What are the ways to prevent cold?,"5,4,2,1,3,6",4,3,5,2,1,6,,,,,,,,,,,,,,,5,5,5,What are the medications prescribed for altitude sickness?,"5,3,4,1,6,2",4,6,2,3,1,5,5,5,5,Want to know about best history of phoenix?,"6,5,1,2,3,4",3,4,5,6,2,1,4,4,4,What is the history of US president George H.W. Bush?,"3,6,5,1,4,2",4,6,5,3,2,1,31517346911,3
2022-02-14 14:20:55,2022-02-14 14:31:44,0,185.229.59.175,100,648,1,2022-02-14 14:31:44,R_1OjyVKunbL2DKkp,,,,,39.1029052734375,-94.57129669189453125,anonymous,EN,0.89999997615814208984375,,0,75,,4,3,4,sore throat home remedy,"5,1,4,2,3,6",2,4,5,3,1,6,,,,,,,,,,,,,,,2,3,3,altitude sickness techniques and treatments,"3,4,1,5,2,6",3,5,1,2,4,6,1,2,3,Old Town Scottsdale,"1,2,3,5,4,6",1,2,3,5,4,6,3,2,4,George H. W. Bush wiki,"5,2,6,1,4,3",4,2,5,1,3,6,56668584647,1
2022-02-14 14:28:46,2022-02-14 14:31:47,0,98.178.201.59,100,181,1,2022-02-14 14:31:48,R_3PoTxWV2UlyzMHc,,,,,29.8972930908203125,-90.20330047607421875,anonymous,EN,1,,0,0,,4,4,4,folk remedies for sore throat,"1,5,4,3,2,6",1,5,4,3,2,6,,,,,,,,,,,,,,,3,4,4,best treatment for high altitude sickness,"3,4,5,1,2,6",4,5,1,2,3,6,2,3,3,history of old town scottsdale,"3,1,5,4,2,6",2,5,1,4,3,6,4,4,4,president george h w bush biography,"6,5,2,1,4,3",4,3,5,2,1,6,18781836587,1
2022-02-14 14:29:19,2022-02-14 14:33:04,0,174.54.117.229,100,225,1,2022-02-14 14:33:04,R_1qU8pJhw8dgyOCo,,,,,40.00079345703125,-76.7696990966796875,anonymous,EN,1,,0,0,,2,4,3,folk remedies sore throat,"1,5,4,3,2,6",1,5,4,3,2,6,,,,,,,,,,,,,,,5,5,5,altitude sickness treatment,"5,1,4,3,2,6",2,5,4,3,1,6,1,5,5,history of old town scottsdale arizona,"1,3,2,5,4,6",1,3,2,5,4,6,3,4,5,george h.w. bush biography,"5,6,2,1,4,3",4,3,5,1,2,6,83863166531,1
2022-02-14 14:31:03,2022-02-14 14:33:05,0,76.66.97.209,100,121,1,2022-02-14 14:33:05,R_UVCiji2mDHAtJct,,,,,43.678497314453125,-79.2935028076171875,anonymous,EN,0.89999997615814208984375,,0,0,,4,4,5,"folk remedies for coughs ","3,1,4,5,2,6",2,5,1,3,4,6,,,,,,,,,,,,,,,4,4,4,"how to prevent altitude sickness ","3,1,5,2,4,6",2,4,1,5,3,6,4,4,4,"old Scottsdale history ","3,1,5,4,2,6",2,5,1,4,3,6,4,4,4,"George w Bush life ","5,2,1,4,6,3",3,2,4,1,5,6,15033073748,1
2022-02-14 14:31:10,2022-02-14 14:33:09,0,192.119.160.243,100,119,1,2022-02-14 14:33:09,R_2QxMSrISjsDKexf,,,,,34.0543975830078125,-118.2440948486328125,anonymous,EN,0.89999997615814208984375,,0,55,,2,4,4,How can I help out my sore threat?,"4,5,2,6,3,1",6,3,5,1,2,4,,,,,,,,,,,,,,,2,4,4,How can I help out for altitude sickness?,"4,2,3,6,1,5",5,2,3,1,6,4,2,2,4,What is the history of old town scottsdale?,"4,3,5,1,6,2",4,6,2,1,3,5,4,3,2,What did George Bush do as president?,"4,2,6,1,5,3",4,2,1,5,3,6,80942588888,4
2022-02-14 14:30:37,2022-02-14 14:33:15,0,71.135.7.251,100,157,1,2022-02-14 14:33:15,R_1dhq2sK7C1hei8o,,,,,35.717803955078125,-78.84279632568359375,anonymous,EN,0.89999997615814208984375,,0,0,,3,2,4,sore throat diy remedies,"1,3,5,4,2,6",1,5,2,4,3,6,,,,,,,,,,,,,,,3,2,4,altitude sickness prevention,"1,3,2,5,4,6",1,3,2,5,4,6,1,2,4,history of Old Town Scottsdale,"3,1,2,4,5,6",2,3,1,4,5,6,3,2,4,george h w bush biography,"5,2,6,1,4,3",4,2,5,1,3,6,81283582688,1
2022-02-14 14:30:04,2022-02-14 14:35:23,0,67.233.140.43,100,319,1,2022-02-14 14:35:25,R_2sXapTzEm0SEJMC,,,,,28.927398681640625,-81.981903076171875,anonymous,EN,1,,,,,3,5,4,Sore throat fold remedies,"5,1,3,4,2,6",2,5,3,4,1,6,,,,,,,,,,,,,,,1,3,3,Treatment for altitude sickness,"5,1,4,3,2,6",2,5,4,3,1,6,1,4,4,History of old town scottsdale,"3,1,5,4,2,6",2,5,1,4,3,6,1,1,4,Top Biographie of President George H. W. Bush,"6,5,2,1,4,3",4,3,5,2,1,6,64054643562,1
2022-02-14 14:31:53,2022-02-14 14:35:39,0,71.218.173.189,100,226,1,2022-02-14 14:35:40,R_2fJxkBsRaTEN3ud,,,,,39.75860595703125,-104.91790008544921875,anonymous,EN,1,,0,0,,4,3,5,sore throat folk remedies,"1,5,4,3,2,6",1,5,4,3,2,6,,,,,,,,,,,,,,,2,4,4,"altitude sickness prevention, remedies","1,3,4,5,6,2",1,6,2,3,4,5,1,1,4,Old Town Scottsdale history,"3,1,5,2,4,6",2,4,1,5,3,6,1,1,5,Georege H. W. Bush biography,"5,2,6,1,4,3",4,2,5,1,3,6,89567720263,2
2022-02-14 14:32:57,2022-02-14 14:36:12,0,98.36.187.124,100,195,1,2022-02-14 14:36:13,R_6n75rVO3dQS0Fhf,,,,,38.4272003173828125,-121.4420013427734375,anonymous,EN,1,,0,0,,5,4,4,Natural remedy for sore throat,"1,3,5,4,2,6",1,5,2,4,3,6,,,,,,,,,,,,,,,2,3,3,How to prevent altitude sickness,"1,4,3,5,2,6",1,5,3,2,4,6,1,1,2,Old Town Scottsdale history,"1,3,5,2,4,6",1,4,2,5,3,6,3,2,4,George H.W. Bush biography,"5,2,6,1,4,3",4,2,5,1,3,6,11299309425,1
2022-02-14 14:32:41,2022-02-14 14:36:41,0,172.115.140.1,100,240,1,2022-02-14 14:36:41,R_27mxVPhOQUYwCqj,,,,,34.236297607421875,-118.47979736328125,anonymous,EN,1,,0,0,,3,3,3,sore throat remedies,"1,5,2,3,4,6",1,3,4,5,2,6,,,,,,,,,,,,,,,2,3,5,"mexico city high altitude ","5,3,2,4,1,6",5,3,2,4,1,6,4,4,4,scottsdale history,"5,1,2,3,4,6",2,3,4,5,1,6,1,1,1,george hw bush bio,"2,6,5,1,4,3",4,1,5,3,2,6,26526764696,5
2022-02-14 14:28:48,2022-02-14 14:36:45,0,104.180.12.247,100,477,1,2022-02-14 14:36:46,R_33vecPMoGncCjcO,,,,,34.1056976318359375,-118.3285980224609375,anonymous,EN,1,,0,0,,5,1,5,Home remedies for sore throat at night,"5,1,4,2,3,6",2,4,5,3,1,6,,,,,,,,,,,,,,,2,1,5,Preventing altitude sickness,"5,1,4,3,2,6",2,5,4,3,1,6,1,1,5,History of Old Town Scottsdale,"3,1,5,4,2,6",2,5,1,4,3,6,5,2,5,George H. W. Bush biography,"6,5,2,1,4,3",4,3,5,2,1,6,66792121673,1
2022-02-14 14:30:44,2022-02-14 14:37:00,0,73.214.206.210,100,376,1,2022-02-14 14:37:02,R_29svIkXQBuEFlsc,,,,,40.4241943359375,-79.76580047607421875,anonymous,EN,1,,0,0,,2,2,5,sore throat trouble swallowing folk remedies,"5,1,4,2,3,6",2,4,5,3,1,6,,,,,,,,,,,,,,,4,4,4,prevention of altitude sickness,"5,1,2,3,4,6",2,3,4,5,1,6,2,4,5,Scottsdale AZ history old town,"3,4,5,1,2,6",4,5,1,2,3,6,4,4,5,George hw bush bio,"6,5,2,1,4,3",4,3,5,2,1,6,64679216886,1
2022-02-14 14:32:35,2022-02-14 14:37:04,0,67.86.188.84,100,269,1,2022-02-14 14:37:05,R_oY7Ro87cutKXEc1,,,,,40.251007080078125,-74.0503997802734375,anonymous,EN,0.89999997615814208984375,,0,0,,4,5,5,"Home remedies for sore throat ","5,1,4,3,2,6",2,5,4,3,1,6,,,,,,,,,,,,,,,2,2,4,"Techniques to prevent altitude sickness ","3,4,1,2,5,6",3,4,1,2,5,6,1,4,4,Old Town Scotsdale history,"3,1,5,4,2,6",2,5,1,4,3,6,4,4,5,Biography on George Bush,"5,2,6,1,4,3",4,2,5,1,3,6,97664593339,1
2022-02-14 14:33:00,2022-02-14 14:37:32,0,24.76.106.65,100,271,1,2022-02-14 14:37:32,R_3PpYmSgELaR3njO,,,,,49.8715972900390625,-97.1363983154296875,anonymous,EN,1,,0,0,,4,4,4,At home remedies for sore throat.,"5,3,4,1,2,6",4,5,2,3,1,6,,,,,,,,,,,,,,,1,4,4,Ways to avoid altitude sickness in Mexico city.,"5,4,1,3,2,6",3,5,4,2,1,6,1,4,5,Old town Scottsdale before Phoenix.,"3,5,1,2,4,6",3,4,1,5,2,6,1,1,4,About George H.W. Bush,"5,2,1,4,6,3",3,2,4,1,5,6,68413907850,1
2022-02-14 14:32:33,2022-02-14 14:38:52,0,206.45.175.90,100,378,1,2022-02-14 14:38:52,R_2doJXlUR7RTtpcq,,,,,49.5290985107421875,-96.68520355224609375,anonymous,EN,1,,0,0,,4,4,4,home remedies for sore throat,"5,4,1,2,3,6",3,4,5,2,1,6,,,,,,,,,,,,,,,1,4,4,how to stop altitude sickness,"1,4,5,3,2,6",1,5,4,2,3,6,1,2,4,Old Town Scottsdale history,"3,1,4,5,2,6",2,5,1,3,4,6,2,1,5,George H.W. Bush biography,"5,6,2,1,4,3",4,3,5,1,2,6,24262444977,1
2022-02-14 14:32:11,2022-02-14 14:39:10,0,209.6.244.79,100,419,1,2022-02-14 14:39:11,R_PNA5qL22ackxAI1,,,,,42.27960205078125,-71.12819671630859375,anonymous,EN,1,,0,0,,4,5,4,Folk remedies for sore throat,"1,5,3,4,2,6",1,5,3,4,2,6,,,,,,,,,,,,,,,2,3,3,Treatments for altitude sickness,"1,3,4,5,2,6",1,5,2,3,4,6,3,4,4,"History of the Old Town Scottsdale, Arizona","3,4,2,1,5,6",4,3,1,2,5,6,5,4,4,Former President George H.W. Bush biography.,"2,5,1,4,6,3",3,1,4,2,5,6,88721007918,3
2022-02-14 14:36:43,2022-02-14 14:40:41,0,73.145.147.39,100,238,1,2022-02-14 14:40:42,R_1l5nuiXeAvhH0nb,,,,,42.7366943359375,-84.475799560546875,anonymous,EN,0.89999997615814208984375,,0,0,,3,2,4,sore throat folk remedies,"5,1,4,3,2,6",2,5,4,3,1,6,,,,,,,,,,,,,,,1,2,3,altitude sickness prevention,"1,3,4,5,2,6",1,5,2,3,4,6,1,1,4,History of Old Town Scottsdale,"1,3,5,2,4,6",1,4,2,5,3,6,3,2,3,George H.W. BUsh biography,"5,6,2,4,1,3",5,3,4,1,2,6,50896153340,1
2022-02-14 14:34:05,2022-02-14 14:41:18,0,98.246.93.102,100,432,1,2022-02-14 14:41:19,R_wNqlJufJN3Q8OhH,,,,,45.6652069091796875,-122.5214996337890625,anonymous,EN,1,,0,0,,5,5,5,Best recommended home remedies for a sore throat,"5,4,1,2,3,6",3,4,5,2,1,6,,,,,,,,,,,,,,,5,5,5,How to avoid and treat high altitude sickness,"5,1,4,3,2,6",2,5,4,3,1,6,1,4,5,"History of Scottsdale, AZ","3,1,5,4,2,6",2,5,1,4,3,6,5,4,5,Best biographies of President George H.W. Bush,"6,5,2,1,4,3",4,3,5,2,1,6,95274823310,1
2022-02-14 14:30:55,2022-02-14 14:41:55,0,154.13.49.57,100,660,1,2022-02-14 14:41:56,R_3lKdo51Glw5MvrS,,,,,40.7041015625,-73.61840057373046875,anonymous,EN,0.800000011920928955078125,,0,75,,4,4,5,Why didn't go the hospital.,"5,4,3,1,6,2",4,6,3,2,1,5,,,,,,,,,,,,,,,4,5,4,What are techniques and treatments.,"4,5,1,3,2,6",3,5,4,1,2,6,5,4,4,The history of wonder.,"3,1,4,5,6,2",2,6,1,3,4,5,4,5,4,What are the interesting news to him.,"6,2,5,1,4,3",4,2,5,3,1,6,83873025996,3
2022-02-14 14:35:06,2022-02-14 14:42:00,0,73.203.178.160,100,414,1,2022-02-14 14:42:01,R_10JzUctDjuhWibd,,,,,35.2082977294921875,-89.8058013916015625,anonymous,EN,1,,0,0,,5,4,4,Home remedies for a sore throat,"5,1,4,3,6,2",2,6,4,3,1,5,,,,,,,,,,,,,,,4,4,4,How to avoid getting altitude sickness,"5,1,2,3,4,6",2,3,4,5,1,6,3,4,4,What is the history of Old Town Arizona?,"3,5,1,4,2,6",3,5,1,4,2,6,4,3,4,biography of george h bush,"5,2,6,1,4,3",4,2,5,1,3,6,37435112330,2
2022-02-14 14:35:54,2022-02-14 14:42:10,0,172.219.207.73,100,375,1,2022-02-14 14:42:11,R_3m9vig7D3vFnMIf,,,,,51.109405517578125,-114.048797607421875,anonymous,EN,1,,0,0,,4,4,4,What are the folk remedies for sore throat?,"5,1,4,2,3,6",2,4,5,3,1,6,,,,,,,,,,,,,,,2,4,4,"What can you do to prevent high altitude sickness and what is the treatment? ","4,3,1,2,6,5",3,4,2,1,6,5,2,4,4,What history does the town of Scottsdale have?,"3,1,5,4,2,6",2,5,1,4,3,6,3,4,4,Who is George  H. W. Bush?,"1,5,2,6,4,3",1,3,5,2,4,6,47599303745,2
2022-02-14 14:40:51,2022-02-14 14:43:26,0,207.202.164.176,100,154,1,2022-02-14 14:43:27,R_1qg2IR4QyET5d05,,,,,40.2449951171875,-75.1331024169921875,anonymous,EN,0.89999997615814208984375,,0,25,,3,4,3,very useful and good,"6,2,3,1,5,4",4,2,3,6,5,1,,,,,,,,,,,,,,,4,3,4,very useful and good,"6,2,4,3,1,5",5,2,4,3,6,1,3,4,5,very useful and good,"6,4,1,3,5,2",3,6,4,2,5,1,4,3,4,us president topic,"6,3,5,1,4,2",4,6,5,3,1,2,19863400491,4
2022-02-14 14:33:44,2022-02-14 14:44:20,0,24.214.218.152,100,635,1,2022-02-14 14:44:20,R_1IRDfLQSKth60ev,,,,,32.852996826171875,-79.98760223388671875,anonymous,EN,1,,0,0,,4,4,4,Home remedies for sore throat,"1,5,4,2,3,6",1,4,5,3,2,6,,,,,,,,,,,,,,,1,2,4,altitude sickness prevention,"1,2,3,4,5,6",1,2,3,4,5,6,2,4,4,Old Town Scottsdale history,"1,3,5,2,4,6",1,4,2,5,3,6,4,3,5,President George H.W. Bush,"5,2,6,1,4,3",4,2,5,1,3,6,68409450962,1
2022-02-14 14:38:47,2022-02-14 14:44:36,0,174.60.85.176,100,348,1,2022-02-14 14:44:36,R_3O2I2i3CX3srcLv,,,,,40.17779541015625,-77.2328033447265625,anonymous,EN,1,,0,0,,5,4,5,sore throat home remedies,"1,5,3,4,2,6",1,5,3,4,2,6,,,,,,,,,,,,,,,4,4,4,high altitude sickness prevention,"1,5,3,4,2,6",1,5,3,4,2,6,2,4,2,Highway 17 Scottsdale history,"3,1,5,4,2,6",2,5,1,4,3,6,4,4,5,George Bush President biography,"2,5,1,4,6,3",3,1,4,2,5,6,98505885568,1
2022-02-14 14:41:54,2022-02-14 14:44:46,0,98.14.147.148,100,172,1,2022-02-14 14:44:46,R_1psrrz64M8q2bpL,,,,,40.7364044189453125,-73.86949920654296875,anonymous,EN,1,,0,0,,4,4,5,folk remedies for sore throat,"1,3,2,4,5,6",1,3,2,4,5,6,,,,,,,,,,,,,,,2,2,1,altitude sickness,"2,3,5,4,1,6",5,1,2,4,3,6,1,2,2,Arizona town history,"4,3,5,2,1,6",5,4,2,1,3,6,3,4,4,President George Bush bio,"6,1,5,4,2,3",2,5,4,3,1,6,89135502146,2
2022-02-14 14:40:19,2022-02-14 14:45:45,0,135.148.232.71,100,326,1,2022-02-14 14:45:46,R_BE8oA8M1Z5kt0kx,,,,,37.751007080078125,-97.82199859619140625,anonymous,EN,0.89999997615814208984375,,0,55,,4,4,4,I think it will help me till morning.,"3,2,5,6,1,4",5,2,1,6,3,4,,,,,,,,,,,,,,,4,4,4,I think this will be a very interesting trip.,"4,3,6,5,2,1",6,5,2,1,4,3,4,4,4,I think  just use my own search query.,"4,2,5,6,3,1",6,2,5,1,3,4,4,4,4,I would like to use some of their friends opinion.,"1,6,3,5,4,2",1,6,5,4,2,3,24477548564,4
2022-02-14 14:42:48,2022-02-14 14:45:51,0,75.91.5.234,100,183,1,2022-02-14 14:45:52,R_1oaJ4BmNVKLF8tH,,,,,31.499603271484375,-82.84709930419921875,anonymous,EN,1,,0,0,,5,5,5,sore throat home remedies,"1,5,4,3,2,6",1,5,4,3,2,6,,,,,,,,,,,,,,,5,5,5,prevention and treatment of altitude sickness,"5,3,1,4,2,6",3,5,2,4,1,6,3,5,5,Old Town Scottsdale Arizona history,"3,1,5,4,2,6",2,5,1,4,3,6,5,3,5,George H. W. Bush biographies,"5,2,6,1,4,3",4,2,5,1,3,6,30902746187,1
2022-02-14 14:37:54,2022-02-14 14:46:56,0,71.89.160.169,100,542,1,2022-02-14 14:46:57,R_1Sr7wgAdhi3W4XT,,,,,42.1916961669921875,-85.6322021484375,anonymous,EN,1,,0,0,,5,5,5,folk remedies,"1,5,4,3,2,6",1,5,4,3,2,6,,,,,,,,,,,,,,,2,4,4,plane sickness treatment,"3,4,1,2,5,6",3,4,1,2,5,6,1,5,4,Old Town Scottsdale History,"1,3,5,4,2,6",1,5,2,4,3,6,2,4,4,US President George H.W. Bush  biography,"5,2,6,1,4,3",4,2,5,1,3,6,57786609767,1
2022-02-14 13:53:39,2022-02-14 13:54:35,0,73.205.21.131,8,56,0,2022-02-14 14:53:56,R_2QWEaNEk3ouqcYe,,,,,,,anonymous,EN,0.89999997615814208984375,,0,0,,,,,,,,,,,,,,,,,,,,,,,,,,,,,,,,,,,,,,,,,,,,,,,,,,,,,,,,,,,,90334149713,0
2022-02-14 13:57:59,2022-02-14 14:01:03,0,66.118.5.29,77,183,0,2022-02-14 14:58:12,R_d0TFEbepvJTrsjL,,,,,,,anonymous,EN,0.89999997615814208984375,,0,75,,,,,,,,,,,,,,,,,,,,,,,,,,,4,5,4,treatments,"1,2,6,4,3,5",1,2,5,4,6,3,4,4,4,old town scottsdale,"2,1,6,3,5,4",2,1,4,6,5,3,4,5,4,biographies of him,"1,5,3,4,2,6",1,5,4,2,6,3,55811402257,2
2022-02-14 14:58:57,2022-02-14 15:01:56,0,24.196.29.35,100,179,1,2022-02-14 15:01:56,R_2rSc3C1d1Ok0QbG,,,,,32.315093994140625,-86.244903564453125,anonymous,EN,0.89999997615814208984375,,0,0,,5,5,5,folk remedies for sore throat,"1,4,5,2,3,6",1,4,5,2,3,6,,,,,,,,,,,,,,,1,3,4,preventing altitude sickness,"1,3,4,2,5,6",1,4,2,3,5,6,1,5,4,what is the history of Old Town Scottsdale,"3,1,4,5,2,6",2,5,1,3,4,6,5,4,5,George H. W. Bush bio,"2,6,5,1,4,3",4,1,5,3,2,6,99442555934,1
2022-02-14 14:57:13,2022-02-14 15:05:43,0,67.172.52.203,100,510,1,2022-02-14 15:05:44,R_3s6MPgEzAocec7d,,,,,41.4355010986328125,-79.690399169921875,anonymous,EN,1,,0,0,,3,4,3,sore throat home remedy,"1,5,4,2,3,6",1,4,5,3,2,6,,,,,,,,,,,,,,,1,3,4,altitude sickness prevention,"1,5,4,2,3,6",1,4,5,3,2,6,1,3,4,Old Town Scottsdale Arizona history,"3,1,4,2,5,6",2,4,1,3,5,6,1,2,4,George H. W. Bush biography,"5,2,6,1,4,3",4,2,5,1,3,6,96933561086,1
2022-02-14 14:47:50,2022-02-14 15:08:09,0,207.244.71.79,100,1219,1,2022-02-14 15:08:11,R_3e9AhTSM7rc7E9X,,,,,39.6566009521484375,-75.56610107421875,anonymous,EN,0.89999997615814208984375,,0,75,,1,5,5,folk remedies  for a sore throat,"5,1,4,2,3,6",2,4,5,3,1,6,,,,,,,,,,,,,,,1,5,5,techniques or treatments that can be used to prevent altitude sickness,"3,1,4,2,5,6",2,4,1,3,5,6,1,5,5,Old Town Scottsdale,"3,1,4,2,5,6",2,4,1,3,5,6,2,5,5,US President George H. W. Bush,"5,2,6,1,4,3",4,2,5,1,3,6,61522563234,1
2022-02-14 14:54:51,2022-02-14 15:22:03,0,69.4.154.8,100,1632,1,2022-02-14 15:22:04,R_1Fth5hsh0VWhc6f,,,,,38.7169036865234375,-121.36769866943359375,anonymous,EN,1,,0,0,,4,4,4,Home remedies for a sore throat at night,"5,1,3,4,2,6",2,5,3,4,1,6,,,,,,,,,,,,,,,4,4,5,Do people get altitude sickness or other ailments when going to Mexico City,"5,4,3,1,2,6",4,5,3,2,1,6,3,3,5,History of Old Town Scottsdale,"3,1,4,5,2,6",2,5,1,3,4,6,4,3,5,George H W Bush accomplishments as President of the USA,"6,5,2,1,4,3",4,3,5,2,1,6,37943954390,1
2022-02-14 15:16:11,2022-02-14 15:25:33,0,207.244.71.82,100,562,1,2022-02-14 15:25:33,R_ZCTKOQYuH0VZlId,,,,,39.6566009521484375,-75.56610107421875,anonymous,EN,0.89999997615814208984375,,0,105,,3,4,4,"folk remedies for sore throat ","1,5,4,3,2,6",1,5,4,3,2,6,,,,,,,,,,,,,,,3,4,4,"altitude sickness prevention ","4,5,1,2,3,6",3,4,5,1,2,6,4,3,3,"Old town Scotlandle ","5,4,2,1,3,6",4,3,5,2,1,6,4,4,3,GEORGE BUSH,"5,2,6,4,1,3",5,2,4,1,3,6,51813758669,1
2022-02-14 14:30:46,2022-02-14 14:33:26,0,174.55.154.144,31,160,0,2022-02-14 15:30:54,R_2f27clRIcp16g7K,,,,,,,anonymous,EN,1,,0,0,,,,,,,,,,,,,,,,,,,,,,,,,,,2,4,3,How to treat altitude sickness,"3,4,1,5,2,6",3,5,1,2,4,6,,,,,,,,,,,,,,,,,,,,,,,50765106328,0
2022-02-14 14:34:53,2022-02-14 14:35:06,0,73.61.10.180,8,13,0,2022-02-14 15:34:55,R_1GHrwqEzlxGTWXm,,,,,,,anonymous,EN,1,,0,0,,,,,,,,,,,,,,,,,,,,,,,,,,,,,,,,,,,,,,,,,,,,,,,,,,,,,,,,,,,,68634427990,0
2022-02-14 14:35:25,2022-02-14 14:36:28,0,71.233.82.106,8,62,0,2022-02-14 15:35:32,R_YY9ke0NrrhwBHjP,,,,,,,anonymous,EN,1,,0,0,,,,,,,,,,,,,,,,,,,,,,,,,,,,,,,,,,,,,,,,,,,,,,,,,,,,,,,,,,,,38224666612,0
2022-02-14 15:33:22,2022-02-14 15:36:32,0,50.39.168.96,100,190,1,2022-02-14 15:36:33,R_2bUVP3flCt3YwZR,,,,,45.539703369140625,-122.96379852294921875,anonymous,EN,0.89999997615814208984375,,0,0,,4,4,5,homemade sore throat,"1,5,4,2,3,6",1,4,5,3,2,6,,,,,,,,,,,,,,,4,4,4,altitude sickness remedy,"1,4,3,5,2,6",1,5,3,2,4,6,5,4,5,history of scottsdale az,"3,1,5,4,2,6",2,5,1,4,3,6,5,4,4,george bush biography,"2,5,1,6,4,3",3,1,5,2,4,6,83232869331,1
2022-02-14 14:38:33,2022-02-14 14:38:55,0,73.198.178.75,8,22,0,2022-02-14 15:38:36,R_1Nbu8U8fZoyikSR,,,,,,,anonymous,EN,1,,0,0,,,,,,,,,,,,,,,,,,,,,,,,,,,,,,,,,,,,,,,,,,,,,,,,,,,,,,,,,,,,37430411402,0
2022-02-14 14:43:03,2022-02-14 14:44:22,0,71.89.160.169,23,79,0,2022-02-14 15:43:10,R_1E056zP3CQAot1C,,,,,,,anonymous,EN,1,,0,0,,,,,,,,,,,,,,,,,,,,,,,,,,,1,2,5,treatments for altitude sickness,,,,,,,,,,,,,,,,,,,,,,,,,,,,,,27436649014,0
2022-02-14 14:43:14,2022-02-14 14:43:19,0,98.14.147.148,8,5,0,2022-02-14 15:43:19,R_OHeCR8LHoZ0kGPL,,,,,,,anonymous,EN,1,true,90,5,2022-02-14 03:41:59,,,,,,,,,,,,,,,,,,,,,,,,,,,,,,,,,,,,,,,,,,,,,,,,,,,,,,,,,,,62322041187,0
